od_id;atrop_tot;atrop_fer;atrop_fat;fatalid;prod_desl_pe;atra_desl_pe;faixas_detectadas;demanda_faixas;prop_atendida;ext_tot;prop_art;prop_col;prop_loc;prop_ped;prop_vtr;prop_rod;ca_medio;perc_comercial;perc_residencial;perc_outros_usos;dens_onibus;dens_mass;perc_nao_resid;prop_via_lenta;prop_via_interm;prop_via_rapida;desl_pe
1;71;63;8;11,2676056338028;240838;243927;68;354;0,192;15185,259;11,23;33,08;14,42;39,43;1,84;0;15,94;93,92;5,66;0,42;0,491517099351214;0,0526625463590586;94,34;53,85;33,08;13,07;484765
2;210;199;13;6,19047619047619;192413;199540;164;580;0,283;34065,695;42,62;23,44;28,89;1,3;3,74;0;13,22;79,45;14,62;5,93;0,864431351545979;0,0176414561539996;85,38;30,19;23,44;46,36;391953
3;86;77;11;12,7906976744186;86141;79974;72;368;0,196;13947,383;20,58;35,15;27,03;0,26;16,98;0;11,26;54,85;40,88;4,27;0,503780549031305;0,0209908562096377;59,12;27,29;35,15;37,56;166115
4;109;99;10;9,1743119266055;99667;94226;80;469;0,171;25937,428;25,79;31,72;25,74;1,64;15,11;0;11,74;38,64;57,62;3,74;0,814072435125146;0;42,38;27,38;31,72;40,9;193893
5;119;112;10;8,40336134453782;272546;276450;117;450;0,26;21987,521;27,07;36,1;16,67;12,96;7,2;0;12,19;68,31;30,32;1,38;0,575056916359711;0,0401202499785845;69,68;29,63;36,1;34,27;548996
6;161;146;16;9,93788819875776;161767;148730;151;520;0,29;22429,145;33,38;56,94;7,01;2,67;0;0;11,57;61,66;36,38;1,97;0,701063298914684;0,0120872982571497;63,62;9,68;56,94;33,38;310497
7;113;103;11;9,73451327433628;111953;118555;108;545;0,198;29896,615;29,46;39,96;28,46;2,13;0;0;5,22;59,23;40,68;0,09;0,278808284236056;0,0259356543475401;59,32;30,59;39,96;29,46;230508
8;57;56;1;1,75438596491228;45867;44041;68;379;0,179;25060,29;29,91;37,26;22,53;0;10,31;0;3,74;43,76;56,24;0,01;0,168226841337439;0;43,76;22,53;37,26;40,22;89908
9;82;70;12;14,6341463414634;53027;50145;79;426;0,185;26357,698;52,06;22,39;18;0;7,55;0;3,18;51,6;48,36;0,04;0,146758190930867;0,0077241153121509;51,64;18;22,39;59,61;103172
10;36;35;2;5,55555555555556;31481;34264;31;201;0,154;12744,546;26,73;24,71;31,89;0;16,67;0;0,9;84,98;15,02;0;0,121335759641287;0;84,98;31,89;24,71;43,4;65745
11;24;23;1;4,16666666666667;8961;9054;39;231;0,169;13525,733;30,97;19,36;34,26;0;15,41;0;3,05;35,41;64,59;0;0,140752791895085;0;35,41;34,26;19,36;46,38;18015
12;86;85;2;2,32558139534884;56860;56398;178;558;0,319;28669,4;14,85;44,26;40,89;0;0;0;2,67;73,16;26,63;0,21;0,221712669327109;0;73,37;40,89;44,26;14,85;113258
13;23;23;0;0;31069;33643;42;132;0,318;4460,098;8,84;48,63;42,53;0;0;0;2,81;87,07;12,93;0;0,20395333790284;0;87,07;42,53;48,63;8,84;64712
14;75;74;2;2,66666666666667;83815;88987;112;232;0,483;12268,266;12,78;59,67;27,55;0;0;0;2,94;90,15;9,85;0;0,344286837568094;0;90,15;27,55;59,67;12,78;172802
15;67;65;3;4,47761194029851;50777;46885;85;222;0,383;12051,286;13,42;49,91;36,67;0;0;0;2,61;53,06;46,94;0;0,156252832155195;0;53,06;36,67;49,91;13,42;97662
16;75;70;6;8;60287;61927;127;343;0,37;25508,751;40,8;20,16;36,82;0;2,22;0;5,19;34,27;65,67;0,06;0,238927462987423;0,00918951780720859;34,33;36,82;20,16;43,02;122214
17;47;44;3;6,38297872340426;46168;42365;93;253;0,368;13434,075;34,81;27,07;38,12;0;0;0;4,86;55,49;44,51;0;0,144552228817746;0;55,49;38,12;27,07;34,81;88533
18;87;82;9;10,3448275862069;85084;90810;225;810;0,278;46875,177;48,19;27,2;24,6;0;0,01;0;4,03;38,52;61,42;0,06;0,209372586532743;0;38,58;24,6;27,2;48,2;175894
19;37;35;2;5,40540540540541;47270;47158;137;479;0,286;25544,275;14,92;27,66;57,42;0;0;0;4,02;15,1;84,9;0;0,22841876729085;0;15,1;57,42;27,66;14,92;94428
20;30;28;2;6,66666666666667;52488;50054;65;401;0,162;20246,857;8,68;44,68;41,3;0;5,34;0;5,18;11,41;88,41;0,18;0,343360572132975;0;11,59;41,3;44,68;14,02;102542
21;16;14;2;12,5;33327;34457;79;531;0,149;26475,21;0,11;43,37;56,52;0;0;0;4,96;9,79;90,21;0;0,194083952946413;0;9,79000000000001;56,52;43,37;0,11;67784
22;26;26;0;0;50654;40550;29;113;0,257;7237,197;0;75,2;24,8;0;0;0;5,78;21,4;78,59;0,01;0,180318999963313;0;21,41;24,8;75,2;0;91204
23;18;18;0;0;103121;105433;15;112;0,134;5633,416;52,13;13,86;12,98;0;21,04;0;7,51;56,64;43,36;0;0,3919852945244;0,0301527149634154;56,64;12,98;13,86;73,17;208554
24;57;54;3;5,26315789473684;125612;129877;44;272;0,162;12245,473;21,26;53,81;8,3;0;16,63;0;7,25;56,03;43,92;0,05;0,387529213916027;0,0168490962572185;56,08;8,3;53,81;37,89;255489
25;36;35;2;5,55555555555556;51347;43242;41;182;0,225;10472,169;39,43;45,17;15,05;0;0,35;0;7,32;19,08;80,92;0;0,0701834484474944;0;19,08;15,05;45,17;39,78;94589
26;49;48;1;2,04081632653061;60367;57287;50;205;0,244;13731,921;23,39;49,41;15,09;0;12,1;0;6,87;36,23;63,77;0;0,329239107328403;0;36,23;15,09;49,41;35,49;117654
27;62;59;3;4,83870967741935;155029;157627;70;302;0,232;19144,627;33,35;49,55;10,91;0;6,2;0;7,07;44,62;55,35;0,03;0,203034150694603;0,0106860079312949;44,65;10,91;49,55;39,55;312656
28;33;30;3;9,09090909090909;94975;96770;25;94;0,266;5610,531;11,6;80,49;7,72;0,19;0;0;7,32;48,77;51,23;0;0,0969089793892058;0;48,77;7,91;80,49;11,6;191745
29;34;33;1;2,94117647058824;126692;129046;50;197;0,254;14010,952;29,31;45,18;22,58;2,92;0;0;7,86;57,13;42,87;0;0,210048891288591;0,0175040742740493;57,13;25,5;45,18;29,31;255738
30;25;25;0;0;60784;58894;41;145;0,283;9632,954;11,64;81,29;7,07;0;0;0;7,04;19,93;80,07;0;0,192174435050963;0;19,93;7,07;81,29;11,64;119678
31;78;72;6;7,69230769230769;153686;158422;64;180;0,356;12961,987;30,62;56,82;12,47;0;0,08;0;8,15;34,81;65,17;0,01;0,25736829549373;0,0111899258910317;34,83;12,47;56,82;30,7;312108
32;60;58;2;3,33333333333333;148045;154226;46;240;0,192;13074,052;55,74;31,79;12,47;0;0;0;7,74;65,11;34,89;0;0,297730908563443;0,0350271657133462;65,11;12,47;31,79;55,74;302271
33;12;11;1;8,33333333333333;6173;7957;21;355;0,059;18729,094;28,88;13,7;57,43;0;0;0;0,71;17,36;82,64;0;0,0775724225755994;0,0110817746536571;17,36;57,43;13,7;28,88;14130
34;12;12;0;0;26478;26687;59;245;0,241;17225,343;20,6;34,23;43,85;1,32;0;0;6,63;15,17;84,83;0;0,134643501199856;0;15,17;45,17;34,23;20,6;53165
35;165;154;11;6,66666666666667;140089;138142;142;521;0,273;35823,582;20,26;53,92;16,62;0;9,2;0;6,83;36,96;62,94;0,1;0,521732653028442;0,00695643537371256;37,06;16,62;53,92;29,46;278231
36;52;47;5;9,61538461538462;125792;122554;123;408;0,301;27438,146;17,53;51,55;20,53;0;10,38;0;6,72;15,47;84,53;0;0,183269914085953;0,00704884284945973;15,47;20,53;51,55;27,91;248346
37;37;33;4;10,8108108108108;39970;41629;72;327;0,22;16197,878;33,02;45,35;21,63;0;0;0;5,05;29,93;70,07;0;0,319408096075917;0;29,93;21,63;45,35;33,02;81599
38;15;15;0;0;10710;9611;23;151;0,152;11817,833;13,14;37,58;30,63;0;18,66;0;2,94;28,21;61,57;10,23;0,209253683904289;0;38,43;30,63;37,58;31,8;20321
39;35;31;5;14,2857142857143;32021;29982;25;304;0,082;17970,262;30,68;17,36;33,41;0;18,55;0;3,67;20,53;79,47;0;0,0998021202447474;0;20,53;33,41;17,36;49,23;62003
40;57;57;1;1,75438596491228;56305;58679;51;404;0,126;25918,286;20,07;42,89;37,04;0;0;0;2,84;41,59;58,41;0;0,330460843326713;0,00786811531730269;41,59;37,04;42,89;20,07;114984
41;98;94;4;4,08163265306122;93486;93926;159;668;0,238;34330,379;14,91;55,9;29,19;0;0;0;4,14;27,34;72,64;0,02;0,272713224364478;0;27,36;29,19;55,9;14,91;187412
42;39;37;2;5,12820512820513;35790;33303;53;161;0,329;9317,065;18,3;50,87;30,84;0;0;0;2,58;60,19;38,31;1,49;0,2510508653741;0;61,69;30,84;50,87;18,3;69093
43;116;111;8;6,89655172413793;145794;145695;177;987;0,179;52453,924;29,86;30,6;39,54;0;0;0;3,64;25,84;74,16;0;0,224980429695949;0,00368820376550736;25,84;39,54;30,6;29,86;291489
44;32;28;5;15,625;59069;63627;91;650;0,14;25939,694;18,08;38,68;43,24;0;0;0;3,93;30,36;69,64;0;0,240603267111396;0;30,36;43,24;38,68;18,08;122696
45;84;79;7;8,33333333333333;89358;91859;227;1025;0,221;56757,63;12,9;43,89;43,2;0;0;0;4,77;18,6;80,6;0,8;0,168200206615269;0;19,4;43,2;43,89;12,9;181217
46;73;67;6;8,21917808219178;65064;70324;156;1591;0,098;75565,01;13,43;19,31;67,26;0;0;0;2,03;15,78;84,21;0,01;0,190451419264099;0;15,79;67,26;19,31;13,43;135388
47;31;28;3;9,67741935483871;41787;35622;121;850;0,142;41768,682;8,84;29,83;61,32;0;0;0;3,87;12,32;87,68;0;0,21046926044252;0;12,32;61,32;29,83;8,84;77409
48;62;58;4;6,45161290322581;48356;47782;144;978;0,147;46389,015;22,56;30,84;46,59;0;0;0;4,39;15,93;84,07;0;0,329296091740378;0;15,93;46,59;30,84;22,56;96138
49;23;21;2;8,69565217391304;72647;72485;85;464;0,183;20340,258;13,11;30,3;54,36;0;2,24;0;5,37;21,35;78,42;0,22;0,254671317750263;0,0318339147187829;21,58;54,36;30,3;15,35;145132
50;11;10;1;9,09090909090909;11979;13134;72;377;0,191;20617,144;13,52;18,93;67,55;0;0;0;2,89;13,29;86,71;0;0,374072814188016;0;13,29;67,55;18,93;13,52;25113
51;14;14;0;0;25488;22255;55;450;0,122;21899,334;9,81;28,56;61,63;0;0;0;4,6;6,86;93,14;0;0,174646938385897;0,0205466986336349;6,86;61,63;28,56;9,81;47743
52;11;11;0;0;59174;58541;71;287;0,247;12944,325;21,61;29,47;48,92;0;0;0;5,22;21,61;78,33;0,06;0,420378475756905;0,0336302780605524;21,67;48,92;29,47;21,61;117715
53;28;28;0;0;72803;78811;101;472;0,214;24448,78;13,04;37,78;49,18;0;0;0;4,64;25,09;74,91;0;0,323285712877268;0,00923673465363622;25,09;49,18;37,78;13,04;151614
54;30;28;2;6,66666666666667;104648;106415;191;303;0,63;18435,617;17,42;58,18;17,8;0;6,6;0;5,92;46,46;53,54;0;0,395829565662346;0,0213961927385052;46,46;17,8;58,18;24,02;211063
55;24;21;4;16,6666666666667;53308;52193;126;519;0,243;23026,256;15,86;43,27;40,86;0;0;0;5,38;25,86;74,12;0,02;0,268170116089117;0;25,88;40,86;43,27;15,86;105501
56;27;26;1;3,7037037037037;92612;89071;123;338;0,364;19060,243;13,32;37,97;43,2;0;5,52;0;6,11;20,35;79,65;0;0,358162916475637;0,00968007882366587;20,35;43,2;37,97;18,84;181683
57;37;35;4;10,8108108108108;121410;124580;169;352;0,48;20424,592;15,12;66,48;13,19;0;5,21;0;7,71;30,76;69,22;0,02;0,31233390719138;0;30,78;13,19;66,48;20,33;245990
58;31;28;4;12,9032258064516;68462;67017;100;729;0,137;35153,257;14,62;37,59;47,8;0;0;0;5,25;14,04;85,96;0;0,306772278700406;0,00589946689808473;14,04;47,8;37,59;14,62;135479
59;41;36;5;12,1951219512195;162900;161237;124;1068;0,116;57119,955;21,35;24,11;51,38;0;3,15;0;5,17;17,4;82,56;0,04;0,222912003264644;0,00768662080222911;17,44;51,38;24,11;24,5;324137
60;34;32;4;11,7647058823529;51060;49049;244;1631;0,15;73406,25;20,87;35,18;39,93;0;4,02;0;2,16;19,36;80,64;0;0,196323990089262;0;19,36;39,93;35,18;24,89;100109
61;33;32;2;6,06060606060606;73634;73503;154;750;0,205;33907,631;2,36;39,61;55,86;0;2,17;0;4,72;18,56;81,44;0;0,254284470944474;0;18,56;55,86;39,61;4,53;147137
62;49;49;0;0;55009;57431;128;643;0,199;53378,452;34,63;15,83;43,97;0;5,57;0;4,92;38,8;61,2;0;0,148393550919462;0;38,8;43,97;15,83;40,2;112440
63;11;10;1;9,09090909090909;47111;47650;81;383;0,211;18908,341;36,11;19,19;44,07;0;0,62;0;3,07;29,44;70,56;0;0,15559514235532;0,00972469639720749;29,44;44,07;19,19;36,73;94761
64;44;41;3;6,81818181818182;96534;94198;398;649;0,613;37160,129;20,01;51,17;28,81;0;0;0;6,69;20,77;79,22;0,01;0,234667470193856;0,00572359683399649;20,78;28,81;51,17;20,01;190732
65;19;17;2;10,5263157894737;56455;56712;183;514;0,356;21771,694;20,84;45,78;33,38;0;0;0;6,83;9,17;90,83;0;0,219933917715672;0;9,17;33,38;45,78;20,84;113167
66;29;28;2;6,89655172413793;52478;55332;324;670;0,484;31429,28;24,63;42,52;32,84;0;0;0;5,75;39,51;60,49;0;0,195332984525711;0,00751280709714275;39,51;32,84;42,52;24,63;107810
67;25;25;0;0;36689;34272;130;496;0,262;25246,03;26,46;38,93;34,62;0;0;0;5,53;15,58;84,41;0;0,160404228177003;0;15,59;34,62;38,93;26,46;70961
68;60;58;4;6,66666666666667;173827;176393;183;925;0,198;46727,153;34,16;33,65;30,34;0;1,85;0;7,33;47,17;52,83;0;0,240749617007039;0;47,17;30,34;33,65;36,01;350220
69;13;12;1;7,69230769230769;61834;62173;85;449;0,189;19392,375;19,86;39,99;40,15;0;0;0;6,61;50,14;49,86;0;0,178927484888577;0;50,14;40,15;39,99;19,86;124007
70;11;11;0;0;59872;58621;87;571;0,152;22641,037;21,33;55,26;23,41;0;0;0;5,91;36,7;63,23;0,07;0,261781821141393;0;36,77;23,41;55,26;21,33;118493
71;29;27;2;6,89655172413793;54933;51715;192;1023;0,188;47688,422;9,4;37,62;52,98;0;0;0;5,58;10,71;89,29;0;0,179716537803751;0,0042789651858036;10,71;52,98;37,62;9,4;106648
72;30;28;2;6,66666666666667;60047;64351;126;843;0,149;36594,831;31,43;26,38;39,9;0;2,29;0;5,39;44,66;54,62;0,73;0,260953327460397;0;45,38;39,9;26,38;33,72;124398
73;40;39;2;5;222434;222292;188;873;0,215;41208,349;43,98;16,44;32,94;0;6,64;0;7,91;83,85;16,07;0,07;0,269125772145667;0;83,93;32,94;16,44;50,62;444726
74;20;20;0;0;98638;95935;40;126;0,317;10391,464;22,95;55,59;21,46;0;0;0;8,77;41,89;58,11;0;0,0816870369645199;0;41,89;21,46;55,59;22,95;194573
75;21;20;1;4,76190476190476;49785;48415;33;147;0,224;8506,321;14,56;64,59;20,84;0;0;0;9,32;24,81;75,19;0;0,097627592987807;0;24,81;20,84;64,59;14,56;98200
76;42;42;0;0;50058;50993;211;877;0,241;47337,823;24,54;45,02;30,44;0;0;0;4,79;20,15;79,85;0;0,122288151387811;0;20,15;30,44;45,02;24,54;101051
77;32;31;1;3,125;130247;129502;83;381;0,218;21433,559;28,32;49,93;19,7;2,05;0;0;6,45;33,24;66,76;0;0,163528741280439;0;33,24;21,75;49,93;28,32;259749
78;43;43;1;2,32558139534884;60966;59488;59;324;0,182;17046,778;14,11;64,78;21,11;0;0;0;7,32;19,68;80,32;0;0,0801783546004003;0,01002229432505;19,68;21,11;64,78;14,11;120454
79;31;28;3;9,67741935483871;167388;170235;47;223;0,211;13074,084;23,63;57,22;19,15;0;0;0;8,3;43,04;56,93;0,03;0,251380426857909;0;43,07;19,15;57,22;23,63;337623
80;58;50;9;15,5172413793103;91081;90374;72;371;0,194;19212,902;29,68;44,19;25,89;0,23;0;0;6,08;30,04;69,65;0,31;0,14177173051855;0,0101265521798964;30,35;26,12;44,19;29,68;181455
81;55;53;2;3,63636363636364;99757;101026;179;1141;0,157;56808,577;23,53;36,53;37,25;0;2,69;0;6,21;30,62;69,38;0;0,0911150986927432;0;30,62;37,25;36,53;26,22;200783
82;65;63;2;3,07692307692308;211552;213561;169;963;0,175;40376,383;30,99;38,12;24,64;2,08;4,17;0;6,66;63,38;36,57;0,05;0,445317108765247;0,0197918715006777;63,43;26,72;38,12;35,16;425113
83;32;26;7;21,875;95418;91449;144;919;0,157;48165,422;8,36;47,32;41,94;2,38;0;0;4,84;17,51;82,49;0;0,228520678424668;0;17,51;44,32;47,32;8,36;186867
84;16;16;1;6,25;53140;56413;138;282;0,489;11818,89;11,51;54,91;30,57;3,01;0;0;6,23;16,37;83,63;0;0,191390008143429;0;16,37;33,58;54,91;11,51;109553
85;5;5;0;0;21423;21248;30;203;0,148;12620,813;6,4;49,81;41,96;1,84;0;0;7,3;15,11;84,89;0;0,189764725989543;0;15,11;43,8;49,81;6,4;42671
86;6;6;0;0;10654;10868;44;263;0,167;11492,091;24,49;27,77;47,74;0;0;0;4,1;15,29;84,71;0;0,282850581510928;0,0202036129650663;15,29;47,74;27,77;24,49;21522
87;12;9;3;25;45479;43922;107;652;0,164;33402,766;15,68;9,77;72,99;1,57;0;0;4,47;8,46;91,54;0;0,194482232211854;0,00720304563747606;8,45999999999999;74,56;9,77;15,68;89401
88;32;31;1;3,125;89745;88740;311;610;0,51;33125,53;15,6;51,73;30,3;2,37;0;0;6,2;11,61;88,37;0,02;0,243971491193535;0;11,63;32,67;51,73;15,6;178485
89;3;3;0;0;17385;16745;42;421;0,1;17943,594;5,64;19,62;73,4;1,33;0;0;3,56;8,4;91,6;0;0,177369201005924;0;8,40000000000001;74,73;19,62;5,64;34130
90;14;12;2;14,2857142857143;36467;36336;104;216;0,481;10531,226;3,07;62,83;34,09;0;0;0;5,56;14,92;83,81;1,27;0,250588871188905;0;16,19;34,09;62,83;3,07;72803
91;39;34;5;12,8205128205128;88293;88318;113;607;0,186;45011,335;40,27;11,96;32,98;0;14,79;0;6,06;47,65;51,15;1,2;0,139142628633886;0;48,85;32,98;11,96;55,06;176611
92;41;38;4;9,75609756097561;36753;38535;57;249;0,229;18125,983;37,31;24,31;22,96;0;15,42;0;6,73;57,49;42,51;0;0,262877398541586;0;57,49;22,96;24,31;52,73;75288
93;44;42;4;9,09090909090909;171178;171264;78;375;0,208;20797,107;24,45;46,33;23,87;0;5,36;0;6,9;42,99;57,01;0;0,495814685643665;0,0190697956016794;42,99;23,87;46,33;29,81;342442
94;23;22;1;4,34782608695652;64218;65477;60;285;0,211;13825,879;35,3;34,93;28,76;1;0;0;5,64;51,57;48,43;0;0,183248693991998;0;51,57;29,76;34,93;35,3;129695
95;10;10;0;0;31301;32334;69;872;0,079;41650,7;0,46;27,51;70,17;1,85;0;0;4,06;11,65;88,35;0;0,174646096508402;0;11,65;72,02;27,51;0,46;63635
96;12;12;0;0;34184;35247;102;1275;0,08;57559,248;21,37;24,62;50,13;0,56;3,33;0;1,21;12,59;87,41;0;0,197958436082063;0;12,59;50,69;24,62;24,7;69431
97;15;13;2;13,3333333333333;35679;34671;96;888;0,108;46576,71;23,53;10,71;61,9;0,09;3,77;0;3,39;13,82;86,18;0;0,140254999720833;0;13,82;61,99;10,71;27,3;70350
98;11;8;3;27,2727272727273;19825;20240;41;221;0,186;19918,039;26,28;25,37;28,18;0;20,16;0;3,16;15,81;76,4;7,79;0,127835360423378;0;23,6;28,18;25,37;46,44;40065
99;45;40;5;11,1111111111111;48509;48564;96;590;0,163;37749,517;24,3;15,45;47,42;0;12,84;0;1,86;44,84;34,09;21,07;0,214768030357403;0;65,91;47,42;15,45;37,14;97073
100;93;89;4;4,3010752688172;196269;198435;209;835;0,25;41528,982;16,5;62,14;20,52;0,84;0;0;4,69;36,65;63,31;0,04;0,574106046954051;0;36,69;21,36;62,14;16,5;394704
101;18;18;0;0;39899;40947;85;720;0,118;34534,343;3,52;28,84;65,55;2,09;0;0;4,18;9,54;90,46;0;0,279641542656317;0;9,54000000000001;67,64;28,84;3,52;80846
102;11;11;1;9,09090909090909;28427;27493;69;517;0,133;32943,562;10,31;29,78;57,4;2,51;0;0;3,83;14;86;0;0,131596804514517;0;14;59,91;29,78;10,31;55920
103;14;14;0;0;12102;11504;29;215;0,135;16067,488;15,69;41,87;42,44;0;0;0;0,93;11,41;88,59;0;0,232568761065411;0;11,41;42,44;41,87;15,69;23606
104;4;4;0;0;13903;13777;38;209;0,182;12884,303;0;33,23;66,77;0;0;0;3,43;8,99;91,01;0;0,12643589709339;0;8,98999999999999;66,77;33,23;0;27680
105;15;13;3;20;46174;46872;113;479;0,236;25433,941;15,32;36,3;48,38;0;0;0;4,33;20,24;79,76;0;0,215005023444062;0;20,24;48,38;36,3;15,32;93046
106;20;17;3;15;41132;41216;63;232;0,272;19262,845;42,21;27,85;17,45;0;11,3;1,19;3,83;55,32;31,77;12,91;0,0810861724540836;0;68,23;17,45;27,85;54,7;82348
107;20;17;3;15;43950;44030;69;223;0,309;11764,412;7,42;44,41;48,17;0;0;0;5,48;23,04;75,63;1,33;0,196858227810818;0;24,37;48,17;44,41;7,42;87980
108;24;22;3;12,5;25905;25515;30;490;0,061;32847,771;35,26;3,87;33,55;0;21,31;6,01;2,78;44,37;55,62;0,01;0,0631317715343354;0;44,38;33,55;3,87;62,58;51420
109;107;97;12;11,214953271028;197397;196236;403;4336;0,093;207860,629;6,25;19,8;71,27;0;0;2,68;1,24;11,44;88,56;0;0,227535702769385;0;11,44;71,27;19,8;8,93;393633
110;64;59;5;7,8125;91391;89501;184;1824;0,101;94463,72;15,97;8,99;67,23;0;4,75;3,05;2,29;11,03;88,97;0;0,213209399335748;0;11,03;67,23;8,99;23,77;180892
111;33;26;9;27,2727272727273;75371;72918;173;2241;0,077;121083,788;11,57;11,82;66,05;0;2,11;8,45;1,86;15,3;84,7;0;0,184350183643561;0;15,3;66,05;11,82;22,13;148289
112;34;28;7;20,5882352941176;62349;62323;56;1234;0,045;59141,705;11,03;7,11;74,43;0;0;7,43;1,04;15;80,12;4,88;0,182470142924554;0;19,88;74,43;7,11;18,46;124672
113;27;23;4;14,8148148148148;62703;66741;117;1327;0,088;82180,905;23,63;12,27;56,41;0;4,65;3,04;1,25;25,01;70,1;4,89;0,209573920946505;0;29,9;56,41;12,27;31,32;129444
114;3;1;2;66,6666666666667;0;477;3;57;0,053;10275,851;3,14;54,47;41,12;0;0;1,27;0;0;0;0;0;0;100;41,12;54,47;4,41;477
115;57;46;14;24,5614035087719;74484;74912;108;1814;0,06;106362,196;1,39;23,57;65,07;0;0;9,97;0,86;7,16;92,84;0;0,16624027988568;0;7,16;65,07;23,57;11,36;149396
116;150;140;11;7,33333333333333;267744;261862;274;4038;0,068;195298,395;6,76;12,89;80,36;0;0;0;1,06;12,74;87,21;0,05;0,18585136304935;0;12,79;80,36;12,89;6,76;529606
117;34;26;8;23,5294117647059;49132;48665;99;2460;0,04;122395,255;0,26;10,52;82,94;0;0;6,29;0,75;8,73;90,21;1,06;0,082692688355885;0;9,79000000000001;82,94;10,52;6,55;97797
118;24;15;11;45,8333333333333;22038;19902;22;1158;0,019;80393,777;3,68;5,16;71,63;0;0;19,53;1,03;1,46;94,1;4,44;0,0226686776504568;0;5,90000000000001;71,63;5,16;23,21;41940
119;106;82;25;23,5849056603774;120519;124685;208;3389;0,061;191278,527;8,64;13,74;71,85;0;0,2;5,56;0,62;15,25;84,75;0,01;0,0820765906974034;0;15,25;71,85;13,74;14,4;245204
120;0;0;0;0;0;0;0;13;0;6236,339;0;0;100;0;0;0;0;0;0;0;0;0;100;100;0;0;0
121;111;105;7;6,30630630630631;101199;99077;93;2222;0,042;96060,063;5,58;21,87;72,54;0;0;0;0,71;9,46;90,51;0,03;0,206159422586558;0;9,48999999999999;72,54;21,87;5,58;200276
122;41;35;6;14,6341463414634;81499;72382;46;1696;0,027;43749,288;2,56;15,51;81,93;0;0;0;0,9;8,76;91,1;0,14;0,263224934570139;0;8,90000000000001;81,93;15,51;2,56;153881
123;76;75;2;2,63157894736842;82917;87404;105;1680;0,063;62457,872;2,05;25,76;72,18;0;0;0;0,63;8,78;91,2;0,02;0,31176117352193;0;8,8;72,18;25,76;2,05;170321
124;108;103;8;7,40740740740741;132223;128412;189;2263;0,084;84261,989;8,76;10,06;81,17;0;0;0;1,15;13,61;86,39;0;0,258242190752766;0;13,61;81,17;10,06;8,76;260635
125;44;43;2;4,54545454545455;80109;90959;116;1901;0,061;81023,663;11,44;13,76;74,8;0;0;0;1,42;10,16;89,79;0,05;0,242655491393077;0;10,21;74,8;13,76;11,44;171068
126;39;35;5;12,8205128205128;67073;63111;110;1339;0,082;50725,601;16,1;9,44;74,47;0;0;0;1,36;19,36;80,64;0;0,270616673931972;0;19,36;74,47;9,44;16,1;130184
127;125;121;6;4,8;109071;108450;263;2383;0,11;108371,435;15,77;16,1;64,37;0;3,76;0;2,81;16,47;81,64;1,89;0,262013225757593;0;18,36;64,37;16,1;19,53;217521
128;35;32;4;11,4285714285714;39325;39358;60;209;0,287;10698,269;52,94;11,2;35,86;0;0;0;4,4;67,84;31,98;0,18;0,421721344084073;0;68,02;35,86;11,2;52,94;78683
129;69;64;7;10,1449275362319;65099;72676;59;268;0,22;10544,476;34,48;51,25;14,26;0;0;0;5,3;52,85;47,15;0;1,14320092749961;0,0184387246370905;52,85;14,26;51,25;34,48;137775
130;8;8;0;0;13944;12972;22;100;0,22;5970,045;51,94;0;48,06;0;0;0;0,93;18,02;81,98;0;0,182715518916518;0,0140550399166553;18,02;48,06;0;51,94;26916
131;39;35;5;12,8205128205128;44442;45228;46;224;0,205;17836,808;42,16;15,71;22,46;0;19,66;0;4,38;76,99;23,01;0;0,280574539170806;0,0127533881441275;76,99;22,46;15,71;61,82;89670
132;10;9;1;10;15685;15925;32;263;0,122;23404,428;59,57;1,61;12,14;0;26,68;0;4,94;90,73;9,27;0;0,0543529555284702;0;90,73;12,14;1,61;86,25;31610
133;57;56;2;3,50877192982456;102576;99551;106;913;0,116;41825,606;10,65;31,78;57,57;0;0;0;5,13;15,07;84,87;0,05;0,25634766813533;0;15,13;57,57;31,78;10,65;202127
134;34;31;3;8,82352941176471;54134;54947;118;1052;0,112;46394,815;5,9;21,47;72,63;0;0;0;3,93;13,83;86,17;0;0,231555924139756;0;13,83;72,63;21,47;5,9;109081
135;63;59;4;6,34920634920635;96528;94596;150;1403;0,107;64823,142;7,64;22,16;70,2;0;0;0;3,36;11,72;88,27;0,01;0,206520308590511;0,00344200514317518;11,73;70,2;22,16;7,64;191124
136;54;51;4;7,40740740740741;88415;84465;301;1340;0,225;65322,716;21,88;25,05;45,45;0;7,62;0;3,45;32;67,83;0,17;0,243393648383002;0;32,17;45,45;25,05;29,5;172880
137;66;60;6;9,09090909090909;114738;113754;280;1750;0,16;77797,99;7,11;25,62;67,27;0;0;0;1,62;17,63;82,36;0,01;0,314627153484689;0;17,64;67,27;25,62;7,11;228492
138;28;27;1;3,57142857142857;27094;31365;67;605;0,111;32765,703;27,67;12,29;44,53;0;15,51;0;3,21;51,57;48,05;0,38;0,227550112792652;0;51,95;44,53;12,29;43,18;58459
139;44;41;3;6,81818181818182;62486;65167;124;1175;0,106;45410,707;10,43;8,72;80,85;0;0;0;1,77;15,26;84,58;0,16;0,187213632191859;0;15,42;80,85;8,72;10,43;127653
140;57;49;9;15,7894736842105;96826;100067;88;1538;0,057;61454,625;3,69;23,46;72,85;0;0;0;1,71;11,39;88,61;0;0,302938240670427;0;11,39;72,85;23,46;3,69;196893
141;169;160;9;5,32544378698225;162684;162290;259;2456;0,105;96858,023;4,11;19,74;76,15;0;0;0;1,82;14,71;85,26;0,03;0,33511748846452;0;14,74;76,15;19,74;4,11;324974
142;85;79;7;8,23529411764706;110842;103373;73;1892;0,039;74588,611;3,26;22,53;74,2;0;0;0;0,72;9,2;90,79;0,01;0,223666592329704;0;9,20999999999999;74,2;22,53;3,26;214215
143;0;0;0;0;0;0;0;3;0;863,36;23,96;0;76,04;0;0;0;0;0;0;0;0;0;100;76,04;0;23,96;0
144;142;131;12;8,45070422535211;159296;160365;208;2895;0,072;126028,536;7,33;24,12;68,55;0;0;0;2,55;12,1;87,37;0,53;0,297570671861864;0;12,63;68,55;24,12;7,33;319661
145;10;10;2;20;8704;9454;10;556;0,018;28195,929;12,12;11,05;76,83;0;0;0;0,7;3,42;96,57;0,01;0,0996005368436686;0;3,43000000000001;76,83;11,05;12,12;18158
146;1;1;0;0;0;0;0;13;0;9210,588;48,32;0;51,68;0;0;0;0;0;0;0;0;0;100;51,68;0;48,32;0
147;43;42;1;2,32558139534884;75566;72109;24;1372;0,017;59743,251;13,05;6,57;80,38;0;0;0;0,94;8,38;91,62;0;0,167470134484034;0;8,38;80,38;6,57;13,05;147675
148;16;15;1;6,25;39906;42697;39;1039;0,038;52479,164;5,64;8,58;85,78;0;0;0;1,2;8,9;91,1;0;0,114864719732327;0;8,90000000000001;85,78;8,58;5,64;82603
149;3;3;0;0;0;0;3;102;0,029;30228,776;11,72;1,26;52;0;0;35,02;0;0;0;0;0,00208379040024476;0;100;52;1,26;46,74;0
150;38;36;4;10,5263157894737;69841;77287;34;2023;0,017;149460,309;5,46;2,99;83,14;0;0;8,4;1,1;3,15;96,85;0;0,0679099095962526;0;3,15000000000001;83,14;2,99;13,86;147128
151;176;166;11;6,25;184760;176501;124;3657;0,034;135024,22;4,47;10,01;85,52;0;0;0;0,9;10,51;89,49;0;0,285092537154383;0;10,51;85,52;10,01;4,47;361261
152;51;49;2;3,92156862745098;97719;99176;108;1478;0,073;57907;12,3;12,35;75,35;0;0;0;2,69;18,73;81,27;0;0,227199722926185;0,00413090405320337;18,73;75,35;12,35;12,3;196895
153;15;15;0;0;52235;54027;89;1012;0,088;52142,833;10,28;19,27;70,45;0;0;0;1,99;14,28;85,7;0,02;0,10345785455039;0;14,3;70,45;19,27;10,28;106262
154;82;75;7;8,53658536585366;140706;145270;151;1942;0,078;79572,821;10,49;15,68;73,83;0;0;0;2,08;18,67;81,3;0,03;0,301482937400867;0,00289887439808526;18,7;73,83;15,68;10,49;285976
155;54;44;10;18,5185185185185;38681;29155;54;1124;0,048;48838,444;0,24;21,73;64,64;0;0;13,39;0,58;9,69;90,3;0,01;0,236264090885674;0;9,7;64,64;21,73;13,63;67836
156;94;87;9;9,57446808510638;115289;114039;186;1962;0,095;84071,523;4,33;18,24;67,98;0;0;9,46;1,38;23,48;76,21;0,3;0,269933323676262;0;23,79;67,98;18,24;13,79;229328
157;20;19;1;5;30574;27667;93;564;0,165;27105,464;0;31,2;63,46;0;0;5,34;1,23;12,65;87,35;0;0,364820022748134;0;12,65;63,46;31,2;5,34;58241
158;79;76;3;3,79746835443038;98470;88032;154;2101;0,073;79046,528;0;25,45;74,55;0;0;0;1,59;12,96;87,04;0;0,266305041977481;0;12,96;74,55;25,45;0;186502
159;105;99;7;6,66666666666667;81575;87729;271;3007;0,09;109850,107;2,95;28,07;67,52;0;0;1,46;1,14;18,09;81,83;0,07;0,262543801847802;0;18,17;67,52;28,07;4,41;169304
160;62;55;7;11,2903225806452;56346;50243;138;1652;0,084;88205,779;2;27,32;66,42;0;0;4,26;1,8;18,06;81,92;0,02;0,349131058250807;0;18,08;66,42;27,32;6,26;106589
161;94;73;22;23,4042553191489;105744;103258;229;2127;0,108;111999,457;14,69;24,17;43,45;0;6,96;10,72;2,1;33,52;66,38;0,11;0,174542158993011;0;33,62;43,45;24,17;32,37;209002
162;68;60;10;14,7058823529412;64631;74988;174;897;0,194;47264,51;18,36;16,76;53,24;0;4,58;7,06;2,13;44,92;54,58;0,49;0,111326462716464;0;45,42;53,24;16,76;30;139619
163;71;66;6;8,45070422535211;65646;74359;200;1582;0,126;68589,341;9,8;23,67;66,53;0;0;0;2,33;21,29;78,6;0,11;0,245656730559197;0;21,4;66,53;23,67;9,8;140005
164;26;26;0;0;25186;26244;60;480;0,125;28440,411;20,79;15,32;49,6;0;14,29;0;2,58;47,45;52,55;0;0,158373602882894;0;47,45;49,6;15,32;35,08;51430
165;20;17;3;15;45510;46585;81;439;0,185;23553,14;16,02;28,92;46,97;0;8,09;0;1,76;70,55;29,45;0;0,195432069595555;0;70,55;46,97;28,92;24,11;92095
166;79;79;1;1,26582278481013;136460;143205;177;928;0,191;46006,952;8,66;47,5;43,84;0;0;0;5,18;21,18;78,82;0;0,255518202806237;0,00412126133558448;21,18;43,84;47,5;8,66;279665
167;71;65;6;8,45070422535211;135537;136364;150;833;0,18;37828,843;20,23;39,65;40,13;0;0;0;4,85;33,97;66,03;0;0,357822602708419;0,0127793786681578;33,97;40,13;39,65;20,23;271901
168;45;42;3;6,66666666666667;84624;87501;115;555;0,207;34393,19;29,23;26,75;38,75;0;5,27;0;5,38;20,36;78,18;1,46;0,18172407405978;0;21,82;38,75;26,75;34,5;172125
169;65;61;4;6,15384615384615;111676;112629;170;1008;0,169;49996,187;20,78;33,49;42,95;0;2,78;0;4,16;21,38;78,62;0,01;0,143166620270528;0;21,38;42,95;33,49;23,56;224305
170;123;112;11;8,94308943089431;112049;115747;168;1653;0,102;71371,497;26,63;24,51;45,94;0;2,93;0;2,24;34,79;65,19;0,02;0,310528018637681;0;34,81;45,94;24,51;29,56;227796
171;64;59;5;7,8125;99736;85276;168;1604;0,105;70388,066;11,92;20,89;67,19;0;0;0;2,36;17,25;82,74;0;0,253354090330829;0;17,26;67,19;20,89;11,92;185012
172;27;26;1;3,7037037037037;44600;54372;91;952;0,096;46998,601;7,74;27,62;64,64;0;0;0;1,69;17,4;82,6;0;0,262865452698603;0;17,4;64,64;27,62;7,74;98972
173;25;22;3;12;49850;47879;93;866;0,107;39103,762;6,52;35,43;58,05;0;0;0;1,27;15,65;84,35;0;0,312931794626102;0;15,65;58,05;35,43;6,52;97729
174;30;29;1;3,33333333333333;63781;63413;117;1429;0,082;63736,929;2,99;21,44;75,57;0;0;0;0,94;7,8;92,16;0,04;0,277212797135458;0;7,84;75,57;21,44;2,99;127194
175;24;23;1;4,16666666666667;53752;47438;48;940;0,051;43010,366;9,56;11,17;79,26;0;0;0;1,21;7,75;92,23;0,02;0,290389315216757;0;7,77;79,26;11,17;9,56;101190
176;88;82;6;6,81818181818182;43342;45636;136;1935;0,07;80147,171;14,76;15,44;69,8;0;0;0;1,44;12,3;87,68;0,03;0,309582772057427;0;12,32;69,8;15,44;14,76;88978
177;19;10;9;47,3684210526316;14070;11962;3;475;0,006;43581,237;1,72;2,31;60,5;0;29,96;5,51;1,12;2,41;97,59;0;0,0245500452593498;0;2,41;60,5;2,31;37,19;26032
178;4;3;1;25;4014;6546;2;73;0,027;5595,126;0;0;60,15;0;36,6;3,25;0;0;0;0;0;0;100;60,15;0;39,85;10560
179;1;1;0;0;0;0;0;5;0;1857,144;0;0,45;99,55;0;0;0;0;0;0;0;0;0;100;99,55;0,45;0;0
180;75;69;7;9,33333333333333;111026;109612;207;2027;0,102;87541,671;7,19;17,14;75,56;0;0,11;0;1,03;12,92;78,38;8,7;0,256873063404542;0;21,62;75,56;17,14;7,3;220638
181;59;53;7;11,864406779661;68991;74812;223;1696;0,131;74996,928;6,63;27,78;65,59;0;0;0;1,26;15,31;84,69;0;0,23187606754094;0;15,31;65,59;27,78;6,63;143803
182;85;81;6;7,05882352941176;61535;74981;280;2142;0,131;87261,634;18,22;13,29;68,49;0;0;0;1,36;15,82;84,18;0;0,299084662891276;0;15,82;68,49;13,29;18,22;136516
183;46;45;4;8,69565217391304;66564;66198;188;1515;0,124;66468,191;7,06;20,31;72,63;0;0;0;0,95;10,57;89,43;0;0,285324014582461;0;10,57;72,63;20,31;7,06;132762
184;28;25;3;10,7142857142857;42416;33063;60;714;0,084;32678,115;13,06;8,2;78,73;0;0;0;0,83;11,3;88,7;0;0,23781156918516;0;11,3;78,73;8,2;13,06;75479
185;32;27;7;21,875;33474;37903;44;813;0,054;33392,09;8,8;16,42;74,78;0;0;0;1,25;7,12;92,88;0;0,251162322947405;0;7,12;74,78;16,42;8,8;71377
186;17;14;3;17,6470588235294;21618;17881;28;566;0,049;24302,182;7,46;16,26;76,28;0;0;0;0,7;11,11;88,89;0;0,221029115431723;0;11,11;76,28;16,26;7,46;39499
187;26;25;1;3,84615384615385;75238;66214;69;1928;0,036;72864,945;8,75;11,63;79,62;0;0;0;0,88;14,76;85,24;0;0,228664211482329;0;14,76;79,62;11,63;8,75;141452
188;48;46;4;8,33333333333333;86694;88309;92;1199;0,077;51655,832;13,08;20,92;66;0;0;0;1,14;18,2;81,8;0;0,212933378174715;0;18,2;66;20,92;13,08;175003
189;66;57;9;13,6363636363636;122247;118132;108;1501;0,072;72064,904;8,67;26,63;64,71;0;0;0;1,12;11,58;88,38;0,04;0,293539938420388;0;11,62;64,71;26,63;8,67;240379
190;58;54;4;6,89655172413793;83765;93527;104;1133;0,092;54028,276;12,75;30,02;57,22;0;0;0;1,82;18,27;81,72;0;0,286777518668177;0;18,28;57,22;30,02;12,75;177292
191;13;12;1;7,69230769230769;35167;37631;31;233;0,133;20913,33;32,52;27,75;39,73;0;0;0;1,07;48,69;51,31;0;0,514525159247609;0,0142923655346558;48,69;39,73;27,75;32,52;72798
192;63;59;4;6,34920634920635;48926;50380;95;1435;0,066;60213,631;6,94;17,64;75,42;0;0;0;1,24;10,45;89,55;0;0,278320794434942;0;10,45;75,42;17,64;6,94;99306
193;35;33;4;11,4285714285714;37388;32330;38;688;0,055;30401,498;13,02;22,31;64,67;0;0;0;0,75;4,15;95,85;0;0,456457287016994;0;4,15000000000001;64,67;22,31;13,02;69718
194;39;33;6;15,3846153846154;37747;41532;61;761;0,08;36421,058;12,45;24,71;62,84;0;0;0;0,86;6,48;93,52;0;0,364691546357542;0;6,48;62,84;24,71;12,45;79279
195;70;58;14;20;51142;49182;93;1386;0,067;54439,167;10,74;16,99;72,27;0;0;0;1,41;11,98;88,02;0;0,264531763821659;0;11,98;72,27;16,99;10,74;100324
196;58;54;4;6,89655172413793;54241;51237;51;1405;0,036;53083,456;6,33;12,67;80,99;0;0;0;0,88;7,87;92,13;0;0,266020067773519;0;7,87;80,99;12,67;6,33;105478
197;37;34;5;13,5135135135135;50888;46838;97;1324;0,073;53243,746;17,04;17,14;65,82;0;0;0;0,77;24,19;75,81;0;0,12587721937103;0;24,19;65,82;17,14;17,04;97726
198;110;103;8;7,27272727272727;105599;113067;212;1539;0,138;67076,183;12,09;24,29;63,26;0,35;0;0;0,98;33,93;66,07;0;0,246490801958255;0;33,93;63,61;24,29;12,09;218666
199;96;89;9;9,375;147546;148087;288;3125;0,092;131887,112;1,47;21,77;76,77;0;0;0;0,66;9,72;84,04;6,24;0,174254106936704;0;15,96;76,77;21,77;1,47;295633
200;25;25;0;0;59435;49948;56;888;0,063;41724,796;0;23,89;76,11;0;0;0;0,67;10,44;89,47;0,09;0,139025955181741;0;10,53;76,11;23,89;0;109383
201;84;74;12;14,2857142857143;131170;132657;204;2651;0,077;118676,87;4,17;23,88;71,95;0;0;0;0,93;15,59;84,41;0;0,316809613815317;0;15,59;71,95;23,88;4,17;263827
202;79;75;4;5,06329113924051;104564;101332;104;2375;0,044;102462,922;3,78;22,34;73,88;0;0;0;0,9;7,67;92,32;0,01;0,254442282770988;0;7,68000000000001;73,88;22,34;3,78;205896
203;43;41;3;6,97674418604651;83239;86164;66;1630;0,04;62403,316;8,94;16,94;74,12;0;0;0;0,81;5,91;91,85;2,23;0,209959065909975;0;8,15000000000001;74,12;16,94;8,94;169403
204;146;142;5;3,42465753424658;170766;154400;165;3295;0,05;131356,11;6,09;13,58;80,33;0;0;0;0,83;11,44;88,56;0;0,249286775828188;0;11,44;80,33;13,58;6,09;325166
205;69;64;5;7,2463768115942;148467;151593;126;2350;0,054;99392,566;1,4;20,39;78,2;0;0;0;0,71;5,61;94,39;0;0,318842217315108;0;5,61;78,2;20,39;1,4;300060
206;100;89;11;11;83606;95682;135;1668;0,081;68822,718;9,57;22,42;68,01;0;0;0;0,78;22,38;77,62;0;0,298592514422064;0;22,38;68,01;22,42;9,57;179288
207;67;63;4;5,97014925373134;143091;149438;221;2305;0,096;101526,384;2,54;23,62;73,84;0;0;0;0,9;14,59;84,79;0,62;0,230979737303454;0;15,21;73,84;23,62;2,54;292529
208;93;88;5;5,37634408602151;110574;107403;239;1674;0,143;77427,293;14,28;26,06;59,66;0;0;0;3,57;18,15;81,85;0;0,206364634410826;0;18,15;59,66;26,06;14,28;217977
209;55;50;6;10,9090909090909;86774;86659;199;1982;0,1;87224,826;9,85;30,86;59,29;0;0;0;2,23;16,38;83,62;0;0,191260449253988;0;16,38;59,29;30,86;9,85;173433
210;51;46;5;9,80392156862745;71194;73312;183;1715;0,107;72405,94;3,88;29,24;66,87;0;0;0;4,43;19,44;80,56;0;0,231074795323757;0;19,44;66,87;29,24;3,88;144506
211;110;103;10;9,09090909090909;109250;98784;154;2381;0,065;96453,136;6;28,78;65,23;0;0;0;1,96;18,71;81,29;0;0,259332328306637;0;18,71;65,23;28,78;6;208034
212;51;47;5;9,80392156862745;52325;57493;192;1716;0,112;74087,173;2,55;15,65;81,8;0;0;0;1,18;10,93;89,07;0;0,275586631930873;0;10,93;81,8;15,65;2,55;109818
213;116;108;10;8,62068965517241;90881;90264;157;1782;0,088;86828,577;9,22;24,27;66,51;0;0;0;1,66;16,73;83,27;0;0,232007767244525;0;16,73;66,51;24,27;9,22;181145
214;34;31;4;11,7647058823529;60260;55741;87;1122;0,078;58190,262;22,73;11,05;66,23;0;0;0;1,89;13,27;86,67;0,06;0,173604772781256;0,00445140443028861;13,33;66,23;11,05;22,73;116001
215;77;73;4;5,19480519480519;72319;70020;183;1464;0,125;73807,124;15,57;20,68;63,75;0;0;0;2,04;16,99;83,01;0;0,361320985818954;0,00303631080520129;16,99;63,75;20,68;15,57;142339
216;32;31;2;6,25;59524;61198;127;1708;0,074;79419,707;8,99;18,82;72,2;0;0;0;1,27;11,22;88,78;0;0,262167349627474;0,00297917442758494;11,22;72,2;18,82;8,99;120722
217;38;33;5;13,1578947368421;54063;56570;172;1499;0,115;61859,859;11,04;21,49;67,47;0;0;0;0,92;16,76;83,23;0,01;0,365900780571347;0;16,77;67,47;21,49;11,04;110633
218;99;93;6;6,06060606060606;140810;136930;224;1697;0,132;91223,157;17,22;26,11;56,67;0;0;0;1,07;15,89;84,11;0;0,377944619057498;0,00517732354873284;15,89;56,67;26,11;17,22;277740
219;73;70;3;4,10958904109589;92048;83792;153;2001;0,076;86030,353;7,29;22,77;69,94;0;0;0;0,94;10,4;89,6;0;0,305788104121164;0;10,4;69,94;22,77;7,29;175840
220;40;40;0;0;70588;65356;76;1000;0,076;53998,928;15,57;8,46;75,97;0;0;0;1,29;13,29;86,71;0;0,196022715317821;0;13,29;75,97;8,46;15,57;135944
221;53;50;3;5,66037735849057;73583;80989;100;1312;0,076;68555,204;6,06;17,17;76,77;0;0;0;1,76;32,8;67,2;0;0,214136841775862;0;32,8;76,77;17,17;6,06;154572
222;75;70;6;8;66044;70251;180;1452;0,124;70646,934;6,07;15,88;78,04;0;0;0;1,26;10,79;89,21;0;0,244973512090641;0;10,79;78,04;15,88;6,07;136295
223;31;28;3;9,67741935483871;39054;34873;95;779;0,122;49003,272;8,94;20,43;70,63;0;0;0;1,42;14,2;85,8;0;0,198439131389987;0;14,2;70,63;20,43;8,94;73927
224;13;13;0;0;8793;15601;10;627;0,016;46525,501;19;1,75;79,25;0;0;0;0,25;0;100;0;0,0167640372495638;0;0;79,25;1,75;19;24394
225;31;29;2;6,45161290322581;63484;56384;38;1195;0,032;87643,848;6;10,05;83,96;0;0;0;1,12;19,74;80,26;0;0,112101087974537;0;19,74;83,96;10,05;6;119868
226;81;74;7;8,64197530864197;194917;197377;242;2081;0,116;86044,862;0,49;28,47;71,03;0;0;0;1,09;6,52;93,48;0;0,336970251535446;0;6,52;71,03;28,47;0,49;392294
227;99;89;12;12,1212121212121;111410;119418;174;1809;0,096;86366,44;4,97;16,49;78,54;0;0;0;0,82;15,85;84,15;0;0,231359888014423;0;15,85;78,54;16,49;4,97;230828
228;56;53;6;10,7142857142857;67937;61393;99;1439;0,069;65368,253;2,28;24,27;73,45;0;0;0;1;6;94;0;0,213050036045132;0;6;73,45;24,27;2,28;129330
229;145;133;15;10,3448275862069;272184;272611;256;3503;0,073;149331,31;5,44;14,73;79,83;0;0;0;0,8;5,83;94,17;0;0,281766197658751;0;5,83;79,83;14,73;5,44;544795
230;40;35;7;17,5;131673;136565;99;1667;0,059;66870,122;1,69;14,28;84,03;0;0;0;1,01;1,76;98,24;0;0,209295151264754;0;1,76000000000001;84,03;14,28;1,69;268238
231;42;40;2;4,76190476190476;54168;54637;13;1568;0,008;87783,339;5,12;8,99;85,89;0;0;0;0,66;2,5;97,28;0,22;0,0620558603623648;0;2,72;85,89;8,99;5,12;108805
232;63;60;5;7,93650793650794;88950;92747;100;1567;0,064;77400,714;15,57;8,53;75,9;0;0;0;0,78;10,45;89,55;0;0,174977705243041;0;10,45;75,9;8,53;15,57;181697
233;45;40;5;11,1111111111111;104235;103474;91;2317;0,039;80264,686;5,62;6,61;87,78;0;0;0;0,88;8,84;91,16;0;0,164362048960974;0;8,84;87,78;6,61;5,62;207709
234;53;50;5;9,43396226415094;118235;113918;59;2741;0,022;110539,337;6,25;8,48;85,27;0;0;0;0,63;7,05;92,95;0;0,108041377370234;0;7,05;85,27;8,48;6,25;232153
235;86;79;7;8,13953488372093;90947;83054;196;3348;0,059;124108,588;8,69;10,48;80,84;0;0;0;0,74;11,45;88,49;0,06;0,175338271139399;0;11,51;80,84;10,48;8,69;174001
236;19;18;1;5,26315789473684;46767;47095;90;366;0,246;17723,616;35,18;47,5;17,31;0;0;0;4,93;23,9;76,1;0;0,316181414093561;0;23,9;17,31;47,5;35,18;93862
237;52;44;8;15,3846153846154;33865;40294;103;451;0,228;20688,374;28,86;44,87;26,27;0;0;0;3,63;27,8;72,2;0;0,377267906239337;0,0110961148893923;27,8;26,27;44,87;28,86;74159
238;33;31;2;6,06060606060606;46803;44323;118;774;0,152;34774,765;21,91;33,18;44,91;0;0;0;3,74;19,54;80,46;0;0,536078062066769;0,00623346583798569;19,54;44,91;33,18;21,91;91126
239;21;19;2;9,52380952380952;80837;85897;116;728;0,159;32967,003;15,03;23,63;61,34;0;0;0;3,4;30,27;69,73;0;0,254063928956583;0;30,27;61,34;23,63;15,03;166734
240;30;28;2;6,66666666666667;51236;51844;124;579;0,214;33339,254;40,49;25,51;34;0;0;0;4,05;13,53;85,92;0,54;0,358033010118406;0;14,08;34;25,51;40,49;103080
241;25;23;2;8;33234;30468;61;404;0,151;28627,812;57,21;16,46;26,33;0;0;0;3,94;25,93;73,59;0,48;0,188444069350712;0;26,41;26,33;16,46;57,21;63702
242;26;21;5;19,2307692307692;46022;45753;64;881;0,073;35064,035;21,44;22,02;56,55;0;0;0;1,32;18,61;79,6;1,78;0,217299669296687;0,00402406794993865;20,4;56,55;22,02;21,44;91775
243;63;57;7;11,1111111111111;66714;97018;178;1730;0,103;76129,594;6,72;25,01;58,98;0;0;9,28;3,04;16,23;83,76;0;0,22794271303391;0;16,24;58,98;25,01;16;163732
244;56;54;2;3,57142857142857;146020;111178;43;1410;0,03;46442,121;8,45;10,91;80,64;0;0;0;1,17;8,01;91,99;0;0,189448760540589;0;8,01000000000001;80,64;10,91;8,45;257198
245;25;19;6;24;34291;29295;30;813;0,037;41336,329;8,61;13,17;70,03;0;0;8,19;1,8;6,16;91,76;2,08;0,212478033220808;0;8,23999999999999;70,03;13,17;16,8;63586
246;11;9;2;18,1818181818182;49420;49592;62;833;0,074;42715,852;3,78;32,76;61,84;0;0;1,61;1,92;10,31;89,69;0;0,277065122378762;0;10,31;61,84;32,76;5,39;99012
247;78;72;6;7,69230769230769;213319;209533;176;2327;0,076;99380,623;9,44;19,74;70,81;0;0;0,01;2,31;8,45;90,46;1,08;0,260788491549935;0;9,54000000000001;70,81;19,74;9,45;422852
248;8;4;4;50;3282;3498;7;159;0,044;14751,44;18,95;5,5;66,64;0;0;8,91;0,01;100;0;0;0,0202544849446742;0;100;66,64;5,5;27,86;6780
249;58;52;7;12,0689655172414;53515;58274;152;1562;0,097;63772,6;14,88;23,7;59,44;0;0;1,98;1,77;14,02;85,98;0;0,21767463689889;0;14,02;59,44;23,7;16,86;111789
250;13;11;2;15,3846153846154;44392;41000;74;846;0,087;37889,226;6,24;30,64;63,12;0;0;0;3,36;18,91;81,07;0,02;0,263004827472972;0;18,93;63,12;30,64;6,24;85392
251;24;23;1;4,16666666666667;35252;38594;76;668;0,114;27063,42;8,87;23,93;67,2;0;0;0;4,92;12,73;87,27;0;0,270345549804913;0,00730663648121385;12,73;67,2;23,93;8,87;73846
252;22;21;1;4,54545454545455;48722;46650;85;930;0,091;42143,145;15,55;27,09;57,36;0;0;0;2,72;8,86;91,14;0;0,308327202747863;0;8,86;57,36;27,09;15,55;95372
253;10;10;0;0;17660;13873;22;194;0,113;13372,149;41,55;31,07;27,38;0;0;0;4,61;73,19;10,38;16,43;0,133077353029168;0;89,62;27,38;31,07;41,55;31533
254;110;99;11;10;102702;110478;249;1708;0,146;80028,67;16,25;25,62;58,13;0;0;0;3,57;20,62;79,35;0,02;0,249010777231108;0,00565933584616155;20,65;58,13;25,62;16,25;213180
255;81;73;9;11,1111111111111;91736;85893;207;1986;0,104;96170,269;7,5;23,95;68,5;0,05;0;0;2,19;11,67;88,16;0,17;0,276568693344714;0;11,84;68,55;23,95;7,5;177629
256;52;47;5;9,61538461538462;44552;43322;134;1080;0,124;51434,635;12,04;21,98;65,98;0;0;0;1,67;15,31;84,69;0;0,286627365587155;0,00398093563315493;15,31;65,98;21,98;12,04;87874
257;70;69;2;2,85714285714286;56770;58631;105;1594;0,066;62191,992;10,74;15,28;73,99;0;0;0;2,09;12,97;87,03;0;0,25884733884553;0,00750282141581246;12,97;73,99;15,28;10,74;115401
258;92;89;3;3,26086956521739;104418;109237;238;2245;0,106;89198,143;5,49;18,89;75,63;0;0;0;1,38;12,64;86,87;0,5;0,247448005471015;0;13,13;75,63;18,89;5,49;213655
259;31;26;5;16,1290322580645;40867;40325;65;1244;0,052;40293,071;1,4;25,39;73,21;0;0;0;0,95;8,65;91,35;0;0,250808245061828;0;8,65000000000001;73,21;25,39;1,4;81192
260;49;47;2;4,08163265306122;80190;76913;117;1463;0,08;52660,373;8,06;17,67;74,27;0;0;0;1,08;10,57;89,43;0;0,298522483630214;0;10,57;74,27;17,67;8,06;157103
261;76;69;8;10,5263157894737;79529;81141;166;1963;0,085;79887,102;8,79;13,33;77,88;0;0;0;1;15,22;84,77;0,01;0,231631685097516;0,00626031581344639;15,23;77,88;13,33;8,79;160670
262;95;82;14;14,7368421052632;138982;124116;182;2207;0,082;82884,141;11,25;10,55;78,21;0;0;0;0,91;7,35;92,65;0;0,26919853854812;0,00289460794137763;7,34999999999999;78,21;10,55;11,25;263098
263;66;59;7;10,6060606060606;117798;115597;132;2152;0,061;79515,357;7,46;12,72;79,82;0;0;0;1,01;7,86;92,14;0;0,28897294805006;0,00608364101158022;7,86;79,82;12,72;7,46;233395
264;103;96;9;8,7378640776699;115566;116600;323;2369;0,136;100802,953;7,95;17,86;74,18;0;0;0;0,72;18,09;81,91;0;0,302445639023457;0,00234453983739114;18,09;74,18;17,86;7,95;232166
265;74;62;14;18,9189189189189;79244;98861;410;2043;0,201;82229,334;7,66;29,72;62,62;0;0;0;1,09;18,08;81,92;0;0,22607637069701;0;18,08;62,62;29,72;7,66;178105
266;28;25;4;14,2857142857143;24943;23961;82;843;0,097;40722,376;25,92;17,16;56,93;0;0;0;1,42;11,1;88,9;0;0,202010137517907;0;11,1;56,93;17,16;25,92;48904
267;40;33;7;17,5;50573;50557;144;1079;0,133;58480,389;8,69;16,13;75,18;0;0;0;1,58;9,96;89,28;0,76;0,293604758919117;0;10,72;75,18;16,13;8,69;101130
268;36;35;3;8,33333333333333;38912;37215;159;938;0,17;45489,242;29,16;38,86;31,98;0;0;0;3,87;18,01;81,99;0;0,2323520163886;0;18,01;31,98;38,86;29,16;76127
269;39;32;7;17,9487179487179;80808;82898;137;939;0,146;37977,943;17,33;26,47;56,2;0;0;0;6,33;10,5;89,5;0;0,152154612315548;0;10,5;56,2;26,47;17,33;163706
270;27;23;4;14,8148148148148;24687;23784;116;718;0,162;35386,303;20,05;36,37;43,59;0;0;0;4,38;22,38;77,62;0;0,188071335883289;0;22,38;43,59;36,37;20,05;48471
271;5;5;0;0;20862;22480;7;107;0,065;13607,172;39,26;9,31;51,43;0;0;0;0,8;61,67;38,33;0;0,0558660650303332;0;61,67;51,43;9,31;39,26;43342
272;21;18;3;14,2857142857143;28960;28807;94;1006;0,093;44978,003;22,15;13,23;64,62;0;0;0;3,73;14,7;85,3;0;0,136308081582254;0;14,7;64,62;13,23;22,15;57767
273;77;73;5;6,49350649350649;81500;72603;166;1707;0,097;67736,011;4,08;22,92;73;0;0;0;3,82;11,55;88,44;0;0,249271301114165;0;11,56;73;22,92;4,08;154103
274;66;60;6;9,09090909090909;103269;121040;135;1305;0,103;58608,523;5,97;39,27;54,75;0;0;0;2,73;28,66;71,31;0,03;0,277745688639117;0,00347182110798897;28,69;54,75;39,27;5,97;224309
275;61;58;5;8,19672131147541;98584;99158;131;1453;0,09;77612,189;9,47;25,77;54,29;0;2,62;7,85;4,11;22,37;77,61;0,03;0,288494305567767;0,00288494305567767;22,39;54,29;25,77;19,94;197742
276;81;72;10;12,3456790123457;177321;150636;133;2561;0,052;110673,839;8,01;11,43;75,35;0,23;0;4,99;1,18;9,74;90,24;0,01;0,278734023716393;0;9,76000000000001;75,58;11,43;13;327957
277;70;66;4;5,71428571428571;104716;113514;0;2406;0;100835,455;11,79;11,46;76,75;0;0;0;2,1;11,57;88,43;0;0,238031132278864;0;11,57;76,75;11,46;11,79;218230
278;175;167;9;5,14285714285714;218063;215592;0;3350;0;122836,078;8,18;18,31;73,51;0;0;0;0,89;14,85;85,15;0;0,296452579396647;0;14,85;73,51;18,31;8,18;433655
279;92;83;11;11,9565217391304;113379;100986;0;1778;0;66559,779;0;22,61;77,39;0;0;0;0,68;13,37;86,63;0;0,203589824327013;0;13,37;77,39;22,61;0;214365
280;69;63;6;8,69565217391304;85610;87379;148;1429;0,104;66053,763;19,32;22,19;58,49;0;0;0;3;25,83;63,37;10,8;0,153693930660429;0;36,63;58,49;22,19;19,32;172989
281;46;39;8;17,3913043478261;73136;72396;100;1298;0,077;60155,92;13,23;19,37;67,4;0;0;0;3,05;9,27;90,73;0;0,144299542031952;0;9,27;67,4;19,37;13,23;145532
282;45;41;6;13,3333333333333;81292;90718;56;1267;0,044;55661,029;13,62;15,21;71,17;0;0;0;2,1;22,76;77,24;0;0,202408876250994;0;22,76;71,17;15,21;13,62;172010
283;28;26;2;7,14285714285714;23721;23156;44;417;0,106;28983,096;28,2;0,02;71,78;0;0;0;1,59;12,57;86,86;0,57;0,0640970831224176;0;13,14;71,78;0,02;28,2;46877
284;80;75;6;7,5;77275;81264;86;1994;0,043;81226,739;8,35;14,27;77,37;0;0;0;0,74;15,73;81,86;2,41;0,149804728011388;0;18,14;77,37;14,27;8,35;158539
285;83;78;6;7,2289156626506;170967;154104;44;2919;0,015;144333,855;4,33;17,56;78,11;0;0;0;0,43;8,2;91,8;0;0,0892563334913474;0;8,2;78,11;17,56;4,33;325071
286;48;44;4;8,33333333333333;61742;62373;102;712;0,143;42443,886;17,81;27,55;54,64;0;0;0;2,07;31,24;52,71;16,05;0,136713166522225;0;47,29;54,64;27,55;17,81;124115
287;50;47;6;12;74426;74603;198;2404;0,082;111838,54;9,68;20,62;69,7;0;0;0;1,16;16,21;83,77;0,02;0,0589170554498768;0;16,23;69,7;20,62;9,68;149029
288;22;20;2;9,09090909090909;64335;62931;177;1463;0,121;69054,253;12,37;8,96;78,67;0;0;0;0,6;17,64;81,82;0,54;0,0562708898333926;0;18,18;78,67;8,96;12,37;127266
289;108;98;11;10,1851851851852;109070;108390;229;2372;0,097;121216,927;10,39;15,31;74,29;0;0;0;1,05;19,79;80,21;0;0,185982015667116;0;19,79;74,29;15,31;10,39;217460
290;44;41;3;6,81818181818182;104854;108809;156;2198;0,071;105643,975;4,59;17,9;77,51;0;0;0;0,69;10,74;89,25;0,01;0,133374821930929;0;10,75;77,51;17,9;4,59;213663
291;132;117;17;12,8787878787879;152946;153524;290;3085;0,094;127702,298;10,5;15,74;73,76;0;0;0;0,71;13,32;86,68;0;0,11566891214184;0;13,32;73,76;15,74;10,5;306470
292;33;30;3;9,09090909090909;94703;89968;88;1690;0,052;71153,413;1,34;13,06;85,59;0;0;0;0,45;10,22;89,78;0;0,135220348250068;0;10,22;85,59;13,06;1,34;184671
293;132;118;18;13,6363636363636;175909;173025;136;3185;0,043;120327,975;3,04;16,68;80,28;0;0;0;0,51;12,37;87,63;0;0,270644946703225;0;12,37;80,28;16,68;3,04;348934
294;94;82;13;13,8297872340426;221400;223478;73;2708;0,027;113863,456;2,84;10,67;86,48;0;0;0;0,49;14,64;85,36;0;0,0760922352103653;0;14,64;86,48;10,67;2,84;444878
295;94;89;6;6,38297872340426;219701;220144;103;4653;0,022;185232,123;2,24;15,05;82,71;0;0;0;0,6;9,6;90,38;0,02;0,158027187692345;0;9,62;82,71;15,05;2,24;439845
296;13;11;3;23,0769230769231;15244;15852;5;1572;0,003;207263,574;7,67;9,39;74,83;0;0;8,12;0,08;7,11;92,89;0;0,0127119056812107;0;7,11;74,83;9,39;15,79;31096
297;3;3;0;0;4888;4521;11;981;0,011;93425,352;0,15;10,11;85,82;0;0;3,93;0,07;0,88;99,12;0;0,00770367204726566;0;0,879999999999995;85,82;10,11;4,08;9409
298;135;117;20;14,8148148148148;263076;264078;178;8203;0,022;549719,919;3,32;9,64;84,58;0;0;2,46;0,24;13,41;84,46;2,13;0,0310124792230541;0;15,54;84,58;9,64;5,78;527154
299;9;6;5;55,5555555555556;11261;11847;0;1653;0;295459,299;0;2,48;97,52;0;0;0;0,03;1,74;98,26;0;0,00250615363319449;0;1,73999999999999;97,52;2,48;0;23108
300;74;70;4;5,40540540540541;329022;326721;588;2285;0,257;110603,617;17,13;25,47;53,94;0;3,46;0;5,05;49,47;50,04;0,48;0,170605319952337;0;49,96;53,94;25,47;20,59;655743
301;42;34;10;23,8095238095238;44235;45870;205;1223;0,168;75414,005;17,74;25,96;56,29;0;0;0;2,57;16,08;83,92;0;0,0864374942903374;0,00664903802233365;16,08;56,29;25,96;17,74;90105
302;95;89;6;6,31578947368421;157246;159815;202;767;0,263;42704,758;23,55;28,57;42,53;5,35;0;0;4,34;36,26;63,3;0,44;0,366455309120464;0,00389846073532409;36,7;47,88;28,57;23,55;317061
303;54;51;3;5,55555555555556;183108;180888;155;749;0,207;40071,752;40,88;19,99;36,81;0;2,32;0;3,27;48,09;48,85;3,06;0,399224708588705;0,0110895752385751;51,15;36,81;19,99;43,2;363996
304;83;77;8;9,63855421686747;164528;170412;293;2542;0,115;92932,697;10,57;21,26;68,16;0;0;0;1,57;13,33;86,65;0,02;0,287103355252888;0,00245387483122127;13,35;68,16;21,26;10,57;334940
305;82;72;10;12,1951219512195;251302;244264;284;3044;0,093;126609,406;16,01;17,21;66,6;0;0,17;0;0,96;29,71;70,29;0;0,2671599115507;0,00148422173083722;29,71;66,6;17,21;16,18;495566
306;95;81;15;15,7894736842105;107698;109580;148;2684;0,055;135400,098;6,07;12,79;81,14;0;0;0;0,97;11,11;88,58;0,31;0,0635844211576166;0;11,42;81,14;12,79;6,07;217278
307;46;43;3;6,52173913043478;165274;165115;68;3089;0,022;145987,37;1,61;19,48;78,9;0;0;0;0,26;8,98;91,01;0,01;0,0574966954347668;0;8,98999999999999;78,9;19,48;1,61;330389
308;68;61;8;11,7647058823529;63022;67365;45;1270;0,035;63256,702;14,27;15,11;70,62;0;0;0;0,41;10,68;89,32;0;0,089084292296256;0;10,68;70,62;15,11;14,27;130387
309;61;59;4;6,55737704918033;88710;89437;27;1625;0,017;59508,382;0,53;23,91;75,56;0;0;0;0,43;10,68;89,32;0;0,340138670569226;0;10,68;75,56;23,91;0,53;178147
310;26;22;5;19,2307692307692;29566;28686;44;659;0,067;27610,35;0,88;14,95;84,17;0;0;0;0,51;16,52;83,48;0;0,209819002430857;0;16,52;84,17;14,95;0,88;58252
311;68;63;6;8,82352941176471;165196;165512;254;2398;0,106;99713,84;9,34;12,37;78,29;0;0;0;0,58;12,47;87,53;0;0,222594492847029;0;12,47;78,29;12,37;9,34;330708
312;57;52;7;12,280701754386;86838;99867;179;1301;0,138;52331,797;15,2;15,56;69,24;0;0;0;1,61;20,1;79,9;0;0,406582884801468;0,00456834702024121;20,1;69,24;15,56;15,2;186705
313;25;24;1;4;48416;47736;35;666;0,053;24893,552;7,29;13,52;79,19;0;0;0;0,86;11,11;88,89;0;0,342396023549403;0;11,11;79,19;13,52;7,29;96152
314;127;111;16;12,5984251968504;237026;245202;273;3069;0,089;121251,146;5,08;23,48;71,43;0;0;0;0,74;12,8;87,04;0,16;0,270198690952792;0;12,96;71,43;23,48;5,08;482228
315;121;110;12;9,91735537190083;209969;192887;290;2975;0,097;113805,501;2,56;15,88;81,56;0;0;0;0,81;12,19;87,3;0,51;0,205428126868893;0;12,7;81,56;15,88;2,56;402856
316;27;26;1;3,7037037037037;34215;36537;72;1072;0,067;54699,972;14,33;12,49;73,18;0;0;0;3,56;11,77;88,23;0;0,110770852540609;0,00369236175135364;11,77;73,18;12,49;14,33;70752
317;17;13;4;23,5294117647059;21137;21080;62;881;0,07;61034,508;30,27;8,03;56,4;0;5,3;0;0,83;11,62;88,36;0,03;0,0661729942197419;0;11,64;56,4;8,03;35,57;42217
318;24;21;3;12,5;50783;51730;56;951;0,059;57397,719;18,64;13,9;63,11;0;4,36;0;4,01;19,91;80,09;0;0,159383255187342;0;19,91;63,11;13,9;23;102513
319;21;18;4;19,047619047619;42040;45652;46;504;0,091;34037,502;11,01;18,45;70,54;0;0;0;1,84;27,07;72,93;0;0,0672946408736644;0;27,07;70,54;18,45;11,01;87692
320;46;42;4;8,69565217391304;132757;117690;41;1225;0,033;65531,946;6;26,65;64,14;0;3,2;0;2,93;15,67;84,33;0;0,0913844197228728;0;15,67;64,14;26,65;9,2;250447
321;39;36;3;7,69230769230769;94412;101707;77;1049;0,073;59270,635;15,06;22,02;59,86;0;3,06;0;4,15;11,42;88,58;0;0,143501976668305;0;11,42;59,86;22,02;18,12;196119
322;44;39;6;13,6363636363636;64992;67340;121;1184;0,102;57762,56;7,93;13,46;78,61;0;0;0;4,34;10,5;89,31;0,2;0,176776491471501;0,00333540549946228;10,69;78,61;13,46;7,93;132332
323;38;37;2;5,26315789473684;105152;94111;924;1685;0,548;75671,555;2,83;12,58;84,59;0;0;0;1,4;7,24;92,76;0;0,185074498012664;0,00289178903144788;7,23999999999999;84,59;12,58;2,83;199263
324;61;56;6;9,83606557377049;119648;131432;1246;1774;0,702;73302,984;8,11;15,98;75,91;0;0;0;0,97;12,97;87,02;0,01;0,284057174677372;0;12,98;75,91;15,98;8,11;251080
325;69;57;13;18,8405797101449;66113;73250;923;1433;0,644;62796,543;6,52;15,96;77,52;0;0;0;0,99;18,93;81,07;0;0,322896488324731;0;18,93;77,52;15,96;6,52;139363
326;28;24;4;14,2857142857143;66277;63628;664;1415;0,469;61740,332;3,41;14,91;81,68;0;0;0;2,2;4,86;95,14;0;0,231107521008835;0;4,86;81,68;14,91;3,41;129905
327;17;16;1;5,88235294117647;27108;23308;35;449;0,078;21350,145;0,64;30,5;68,51;0,35;0;0;2,87;7,52;92,48;0;0,0992801758193529;0;7,52;68,86;30,5;0,64;50416
328;30;29;2;6,66666666666667;48440;44673;125;931;0,134;46953,929;17,2;11,9;70,59;0;0;0,31;3,19;13,35;86,65;0;0,14717322197658;0;13,35;70,59;11,9;17,51;93113
329;53;50;3;5,66037735849057;68612;75137;197;1366;0,144;71053,883;11,7;10,01;78,22;0,07;0;0;2,55;13,57;86,42;0,01;0,184099276866662;0;13,58;78,29;10,01;11,7;143749
330;34;26;10;29,4117647058824;61968;51010;92;1109;0,083;52333,088;4,66;18,44;76,9;0;0;0;2,26;10,85;89,15;0;0,220280766358269;0;10,85;76,9;18,44;4,66;112978
331;37;32;6;16,2162162162162;63917;70807;61;1346;0,045;65115,348;7,64;17,81;74,14;0,41;0;0;1,3;11,96;88,04;0;0,194106464676075;0;11,96;74,55;17,81;7,64;134724
332;30;29;1;3,33333333333333;74323;76371;139;1470;0,095;65485,836;2,02;17,11;80,69;0,18;0;0;0,98;16,57;72,86;10,58;0,147876131390198;0;27,14;80,87;17,11;2,02;150694
333;33;26;8;24,2424242424242;32110;36536;55;707;0,078;32058,485;0;20,58;79,42;0;0;0;1,66;9,56;89,05;1,39;0,147746142193299;0;10,95;79,42;20,58;0;68646
334;64;61;5;7,8125;56352;54405;119;1264;0,094;51825,682;9,98;11,89;78,14;0;0;0;2,51;13,71;85,92;0,37;0,248791337451602;0;14,08;78,14;11,89;9,98;110757
335;38;37;1;2,63157894736842;66209;64357;100;1581;0,063;69092,225;3,33;19,77;75,91;0,99;0;0;2,04;8,04;91,96;0;0,249687593433884;0;8,04000000000001;76,9;19,77;3,33;130566
336;25;23;3;12;79324;76930;123;2006;0,061;104535,436;7,42;8,82;83,76;0;0;0;1,95;6,66;93,34;0;0,0944062331894678;0;6,66;83,76;8,82;7,42;156254
337;19;19;0;0;32196;41441;60;1106;0,054;48778,093;11,48;18,89;69,48;0,15;0;0;2,2;20,24;79,76;0;0,265651929199217;0;20,24;69,63;18,89;11,48;73637
338;57;57;2;3,50877192982456;81363;72850;52;1075;0,048;61523,46;28,54;15,18;46,96;0;7,43;1,9;3,03;18,56;74,74;6,71;0,102454919155163;0;25,26;46,96;15,18;37,87;154213
339;9;8;1;11,1111111111111;101088;107351;24;779;0,031;44779,565;17,36;13,81;63,6;0;5,23;0;3,86;88,88;11,12;0;0,123453553771873;0;88,88;63,6;13,81;22,59;208439
340;46;44;3;6,52173913043478;40121;38576;95;750;0,127;45689,982;41,4;7,22;47,21;0;4,17;0;2,73;31,36;68,1;0,54;0,256491642390615;0,00483946495076633;31,9;47,21;7,22;45,57;78697
341;19;15;4;21,0526315789474;23304;23282;73;877;0,083;41573,002;14,01;11,12;74,87;0;0;0;1,5;18,35;81,65;0;0,178108819903013;0;18,35;74,87;11,12;14,01;46586
342;42;36;6;14,2857142857143;66447;61499;92;1403;0,066;73180,661;14,62;4,67;80,58;0,13;0;0;2,5;14,09;85,91;0;0,166023673089503;0;14,09;80,71;4,67;14,62;127946
